<?xml version="1.0" encoding="utf-8"?><?xml-stylesheet type="text/xml" href="http://localhost:4000/feed.xslt.xml"?><feed xmlns="http://www.w3.org/2005/Atom"><generator uri="http://jekyllrb.com" version="3.3.0">Jekyll</generator><link href="http://localhost:4000/feed.xml" rel="self" type="application/atom+xml" /><link href="http://localhost:4000/" rel="alternate" type="text/html" /><updated>2016-11-10T11:19:29+01:00</updated><id>http://localhost:4000/</id><title type="html">NMDAD-I</title><subtitle>New Media Design &amp; Development I at Artevelde University College Ghent</subtitle><author><name>Philippe De Pauw - Waterschoot</name></author></feed>
